Name,Franchise,genre,publisher,developer,Release Date,Release Year,t1_name,t1_year,t1_views,t1_likes,t1_dislikes,t1_comments,t1_vlr,t1_vdr,t1_vcr,t1_score,t2_name,t2_year,t2_views,t2_likes,t2_dislikes,t2_comments,t2_vlr,t2_vdr,t2_vcr,t2_score,percent_difference1,t3_name,t3_year,t3_views,t3_likes,t3_dislikes,t3_comments,t3_vlr,t3_vdr,t3_vcr,t3_score,percent_difference1,score average,Marketing Status,Metacritic,rating,rating_top,ratings_count,suggestions_count
Ashen (2018),New IP,Action-Adventure,Annapurna Interactive,Aurora44,7/12/2018,2018,Reveal,2015,388573,2144,92,162,0.01,0,0,0.84,Trailer,2017,9410,144,4,12,0.02,0,0,0.18,-0.975783186,Launch,2018,6794403,1476,81,193,0,0,0,0.04,721.0407014,0.35,Complete,77,3.49,4,144,690
Anthem,New IP,Role-Playing,Electronic Arts,BioWare Corp.,22/2/2019,2019,Teaser,2017,2719169,18927,4118,3056,0.01,0,0,14.33,Demo,2017,9295656,121977,9592,15428,0.01,0,0,178.57,2.41856501,Trailer,2018,5250136,69780,7830,9274,0.01,0,0,102.51,-0.435205434,98.47,Incomplete,59,2.71,3,362,669
Astral Chain,New IP,Action,Nintendo,PlatinumGames,30/8/2019,2019,Reveal,2019,1131537,32539,441,4370,0.03,0,0,123.11,Demo,2019,747387,11928,214,1587,0.02,0,0,24.65,-0.33949398,Trailer,2019,354128,8932,79,765,0.03,0,0,19.04,-0.526178539,55.6,Complete,87,4.31,5,160,529
Animal Crossing: New Horizons,Old IP,Simulation,Nintendo,Nintendo,1/12/2020,2020,Reveal,2019,4927672,120020,1335,7996,0.02,0,0,191.5,Demo,2019,1905920,45341,593,7071,0.02,0,0,164.92,-0.61322101,Demo,2019,4637020,83551,4120,8733,0.02,0,0,145.71,1.432956263,167.38,Complete,90,4.36,5,381,272
Assassin's Creed Odyssey,Old IP,Action-Adventure,Ubisoft,Ubisoft Quebec,5/10/2018,2018,Reveal,2018,9976028,73612,9784,13230,0.01,0,0,78.16,Demo,2018,2667973,35332,4222,10076,0.01,0,0,109.52,-0.732561597,Launch,2019,312296,6294,197,999,0.02,0,0,19.19,-0.882946342,68.96,Incomplete,85,4.05,4,1216,649
Assassin's Creed Valhalla,Old IP,Action-Adventure,Ubisoft,Ubisoft,1/12/2020,2020,Reveal,2020,23319958,1073177,35213,148458,0.05,0,0.01,6495.73,Trailer,2020,1547058,28920,55276,10990,0.02,0.04,0.01,-383.56,-0.933659486,Gameplay,2020,1776720,43000,4800,8164,0.02,0,0,164.5,0.148450801,2092.22,Complete,83,3.68,4,63,458
Apex Legends,New IP,Shooter,Electronic Arts,Respawn Entertainment,4/2/2019,2019,Reveal,2019,142694,2951,130,229,0.02,0,0,4.42,Gameplay,2019,1410845,23524,722,1474,0.02,0,0,23.45,8.887206189,Demo,2019,927247,16592,381,1294,0.02,0,0,22.36,-0.342771885,16.74,Incomplete,88,3.67,4,1383,678
Arizona Sunshine,New IP,Action,Independent,Vertigo Gaming Inc.,0/1/1900,2018,Reveal,2019,11312,103,5,28,0.01,0,0,0.24,Gameplay,2019,27945,616,38,63,0.02,0,0,1.26,1.470385431,Launch,2019,358260,955,81,142,0,0,0,0.33,11.8201825,0.61,Complete,81,3.76,4,42,605
ASTRO BOT Rescue Mission,New IP,Platform,Sony Interactive Entertainment,SIE Japan Studio,2/10/2018,2018,Reveal,2018,263993,3178,117,388,0.01,0,0,4.41,Gameplay,2018,527986,6356,234,776,0.01,0,0,8.83,1,Launch,2018,694557,5558,184,478,0.01,0,0,3.64,0.315483744,5.62,Complete,90,4.21,5,121,231
Borderlands 3,Old IP,Shooter,2K Games,Gearbox Software,13/9/2019,2019,Teaser,2019,2560536,84000,1400,9016,0.03,0,0,288.38,Reveal,2019,7984995,331634,11380,37661,0.04,0,0,1483.63,2.118485739,Trailer,2019,4253021,213501,3534,23149,0.05,0,0.01,1133.22,-0.467373367,968.41,Incomplete,83,3.92,4,392,687
Beyond Good & Evil,Old IP,Action-Adventure,Ubisoft,Ubisoft Montpellier,19/11/2020,2020,Reveal,2017,1271817,25000,1200,3011,0.02,0,0,54.93,Trailer,2018,1227101,21000,560,2265,0.02,0,0,37.21,-0.035159146,Trailer,2018,1526257,24000,1500,4304,0.02,0,0,61.33,0.243790853,51.16,Complete,84,4.35,5,301,537
Beat Saber,New IP,Music,Independent,Beat Games,20/11/2018,2018,Reveal,2018,864948,10775,233,374,0.01,0,0,4.51,Gameplay,2018,290003,4326,76,223,0.01,0,0,3.24,-0.66471626,Trailer,2019,123405,4256,194,195,0.03,0,0,6.27,-0.574469919,4.67,Complete,90,4.37,5,349,251
Battlefield 1,Old IP,Shooter,Electronic Arts,EA DICE,20/11/2018,2018,Reveal,2016,66955814,2391900,45000,343362,0.04,0,0.01,11919.96,Gameplay,2016,18904256,441000,7400,48632,0.02,0,0,1105.94,-0.717660725,Gameplay,2016,10282993,197000,3200,16959,0.02,0,0,316.98,-0.456048786,4447.63,Incomplete,88,3.8,4,1244,623
Battlefield V,Old IP,Shooter,Electronic Arts,EA DICE,20/11/2018,2018,Reveal,2018,14654102,351213,542934,225268,0.02,0.04,0.02,-7120.29,Gameplay,2018,4903162,168597,38657,34001,0.03,0.01,0.01,767.04,-0.66540686,Gameplay,2018,8606771,213500,55000,42343,0.02,0.01,0,644.48,0.755351139,-1902.92,Incomplete,77,3.55,4,495,613
Control,New IP,Action-Adventure,505 Games,Remedy,27/8/2019,2019,Reveal,2018,1011499,20154,492,1778,0.02,0,0,34.13,Demo,2018,1120025,11000,932,1551,0.01,0,0,13.3,0.107292246,Gameplay,2019,1337957,26652,704,2472,0.02,0,0,47.29,0.1945778,31.57,Incomplete,84,4.18,4,761,414
Crackdown 3,Old IP,Action,Microsoft Studios,Sumo Digital,15/2/2019,2019,Reveal,2014,246800,1100,65,141,0,0,0,0.57,Trailer,2015,513000,3600,356,662,0.01,0,0,3.96,1.078606159,Gameplay,2018,483974,5191,686,1080,0.01,0,0,9.29,-0.056580897,4.61,Incomplete,57,2.86,3,214,548
Cyberpunk 2077,New IP,Action-Adventure,CD Projekt Red Studio,CD Projekt Red Studio,19/11/2020,2020,Teaser,2013,24341134,509000,13000,79122,0.02,0,0,1591.14,Reveal,2018,21090546,466000,7200,45733,0.02,0,0,987.06,-0.133542998,Gameplay,2018,22420757,658000,18000,114571,0.03,0,0.01,3224.44,0.063071435,1934.21,Incomplete,65,4.25,5,363,629
Commander Keen,Old IP,Action-Adventure,Bethesda Softworks,ZeniMax Online Studios,19/11/2020,2020,Reveal,2019,1562032,1755,11469,2741,0,0.01,0,-27.11,Gameplay,2019,134383,402,6014,1128,0,0.04,0.01,-72.35,-0.913969112,Trailer,2018,89589,268,4009,752,0,0.04,0.01,-48.23,-0.333330853,-49.23,Complete,75,3.83,4,560,514
Crash Team Racing Nitro-Fueled,Old IP,Racing,Activision,Beenox,21/6/2019,2019,Reveal,2018,4455096,121000,1800,0,0.03,0,0,0,Gameplay,2019,1158844,22000,835,0,0.02,0,0,0,-0.739883495,Launch,2019,514446,13762,179,0,0.03,0,0,0,-0.556069669,0,Complete,82,4.06,4,220,255
CrossfireX,New IP,Shooter,Tencent,Tencent,12/7/1905,2020,Reveal,2019,383073,6898,464,575,0.02,0,0,9.31,Trailer,2019,23398,627,46,43,0.03,0,0,1.03,-0.938920258,Trailer,2020,240685,7300,202,414,0.03,0,0,12.04,9.286562954,7.46,Complete,75,3.83,4,560,514
Doom Eternal,Old IP,Shooter,Bethesda Softworks,id Software,20/3/2020,2020,Reveal,2019,14929299,95998,784,13873,0.01,0,0,88.11,Trailer,2020,4625992,121049,1036,13261,0.03,0,0,342.55,-0.690140039,Gameplay,2020,5598650,141000,2200,23890,0.03,0,0,587.58,0.210259335,339.41,Incomplete,86,4.38,5,435,679
Days Gone,New IP,Action-Adventure,Sony Interactive Entertainment,SIE Bend Studio,26/4/2019,2019,Reveal,2016,13674437,171089,7312,12853,0.01,0,0,150.5,Trailer,2016,3314188,41809,916,3651,0.01,0,0,44.54,-0.757636238,Gameplay,2017,2820432,18115,816,1446,0.01,0,0,8.66,-0.148982496,67.9,Incomplete,71,3.94,4,500,657
Call of Duty: Advanced Warfare,Old IP,Shooter,Activision,Sledgehammer,12/10/2018,2017,Reveal,2014,34110243,265710,63974,90616,0.01,0,0,450.95,Trailer,2014,7092639,41777,3105,4267,0.01,0,0,22.33,-0.792067181,Gameplay,2014,6214625,89618,19986,26862,0.01,0,0,257.78,-0.123792287,243.69,Incomplete,78,3.43,4,536,607
Call of Duty: Infinite Warfare,Old IP,Shooter,Activision,Infinity Ward,25/10/2019,2018,Reveal,2015,45044478,636966,3933550,758001,0.01,0.09,0.02,-88570.93,Trailer,2015,7751235,74524,53155,18149,0.01,0.01,0,-12.2,-0.827920417,Gameplay,2016,4153265,111444,69456,41451,0.03,0.02,0.01,72.46,-0.464180224,-29503.56,Complete,73,3.53,4,342,499
Call of Duty: Black Ops 4,Old IP,Shooter,Activision,Treyarch,12/10/2018,2018,Teaser,2018,9372209,236000,43000,43400,0.03,0,0,794.17,Reveal,2018,13536416,390079,226649,0,0.03,0.02,0,0,0.444314355,Launch,2018,16298178,84149,6540,12462,0.01,0,0,56.84,0.20402461,283.67,Complete,84,3.47,4,384,422
Call of Duty: Modern Warfare (2019),Old IP,Shooter,Activision,Infinity Ward,25/10/2019,2019,Reveal,2019,35034390,600618,20254,68360,0.02,0,0,1112.66,Gameplay,2019,11406394,456111,12300,37587,0.04,0,0,1442.21,-0.674422931,Trailer,2019,5475056,188000,7312,16556,0.03,0,0,535.33,-0.52000115,1030.06,Complete,80,3.79,4,314,570
Destiny,New IP,Shooter,Activision,Bungie,6/9/2017,2017,Reveal,2013,6733166,35112,1156,16292,0.01,0,0,80.76,Gameplay,2013,8761315,27112,1254,7880,0,0,0,22.69,0.301217733,Trailer,2014,10039712,39882,3505,6048,0,0,0,20.86,0.145913827,41.44,Incomplete,76,3.7,4,835,676
Diablo Immortal,Old IP,Action,Blizzard Entertainment,Blizzard Entertainment,1/1/2019,2019,Reveal,2018,5926328,31065,758555,91721,0.01,0.13,0.02,-17129.3,Gameplay,2018,3875182,26793,337632,32326,0.01,0.09,0.01,-4001.19,-0.346107404,Trailer,2019,879469,12927,13340,2448,0.01,0.02,0,-19.72,-0.773050917,-7050.07,Complete,75,3.83,4,560,514
Crash Bandicoot N. Sane Trilogy,Old IP,Racing,Activision,Beenox,21/6/2019,2017,Reveal,2016,4716339,55258,1451,7671,0.01,0,0,86.34,Gameplay,2017,2288878,2106,35,256,0,0,0,0.23,-0.514691798,Launch,2018,1736823,22890,553,0,0.01,0,0,0,-0.241190225,28.86,Complete,81,4.13,4,343,549
DAEMON X MACHINA,New IP,Role-Playing,Marvelous,Marvelous,21/6/2019,2019,Reveal,2018,419374,8059,142,1195,0.02,0,0,22.36,Trailer,2019,158595,3269,39,353,0.02,0,0,7.15,-0.621829203,Gameplay,2019,274925,4001,91,791,0.01,0,0,11.12,0.733503578,13.54,Complete,70,2.42,3,12,225
Detroit: Become Human,New IP,Action-Adventure,Sony Interactive Entertainment,Quantic Dream,26/4/2019,2017,Teaser,2015,2556228,48112,1149,5346,0.02,0,0,97.02,Gameplay,2016,4459609,80761,1294,6094,0.02,0,0,107.71,0.744605333,Launch,2018,1137430,20000,350,1314,0.02,0,0,22.5,-0.744948492,75.74,Complete,79,4.26,4,1829,501
Dying Light 2,Old IP,Action-Adventure,Techland,Techland,1/12/2020,2020,Reveal,2018,4714052,60448,643,8244,0.01,0,0,104.03,Trailer,2019,2080103,28112,303,3518,0.01,0,0,46.78,-0.558744155,Demo,2019,3328304,92100,1499,15092,0.03,0,0,407.43,0.60006692,186.08,Complete,75,3.83,4,560,514
The Elder Scrolls: Blades,Old IP,Role-Playing,Bethesda Softworks,Bethesda Game Studios,14/11/2018,2018,Reveal,2018,2565526,30075,7515,5847,0.01,0,0,42.85,Trailer,2019,144667,1236,2617,433,0.01,0.02,0,-8.05,-0.943611174,Trailer,2019,126423,1025,1989,518,0.01,0.02,0,-8.02,-0.126110309,8.93,Complete,42,2.76,3,43,513
Fifa 20,Old IP,Sports,EA Sports,Electronic Arts,27/9/2019,2019,Reveal,2019,6926244,149125,17162,12794,0.02,0,0,227.91,Gameplay,2019,5633463,96808,18880,9795,0.02,0,0,119.08,-0.186649647,Trailer,2019,4073873,118675,6873,7090,0.03,0,0,188.59,-0.276843924,178.53,Complete,68,3.15,4,260,422
Fallout 76,Old IP,Role-Playing,Bethesda Softworks,Bethesda Game Studios,14/11/2018,2018,Teaser,2019,14411099,251915,10753,61044,0.02,0,0,998.76,Reveal,2019,39227746,252625,29640,50288,0.01,0,0,266.86,1.722050969,Trailer,2019,969427,15998,996,3046,0.02,0,0,45.57,-0.975287211,437.06,Incomplete,51,2.61,1,350,404
Final Fantasy VII Remake,Old IP,Role-Playing,Square Enix,Square Enix,10/4/2020,2020,Reveal,2015,16045156,141492,3174,21820,0.01,0,0,185.94,Gameplay,2015,8646634,89414,2652,18837,0.01,0,0,186.13,-0.461106268,Trailer,2019,2992539,97041,1956,11715,0.03,0,0,368.4,-0.653907058,246.82,Incomplete,87,4.64,5,232,628
Final Fantasy XIV: A Realm Reborn,Old IP,MMO,Square Enix,Square Enix,14/4/2014,2017,Reveal,2019,3300000,0,0,0,0,0,0,0,Gameplay,2019,2222528,0,0,0,0,0,0,0,-0.326506667,Launch,2019,923033,0,0,0,0,0,0,0,-0.584692296,0,Complete,83,4.14,4,202,657
Forza Horizon 4,Old IP,Racing,Microsoft Studios,Playground Games,23/10/2012,2017,Reveal,2019,6204720,105065,2002,0,0.02,0,0,0,Trailer,2019,471882,7592,222,1748,0.02,0,0,26.89,-0.923947898,Launch,2019,237367,4200,72,274,0.02,0,0,4.72,-0.496978058,10.54,Complete,90,4.34,5,873,448
For Honor,New IP,Action,Ubisoft,Ubisoft Montreal,14/2/2017,2017,Reveal,2016,1610344,27504,729,5644,0.02,0,0,92.56,Gameplay,2018,276762,3454,60,694,0.01,0,0,8.44,-0.828134858,Trailer,2019,117924,2434,1003,594,0.02,0.01,0.01,4.68,-0.573915494,35.23,Incomplete,76,3.3,4,1183,704
Gears of War 4,Old IP,Shooter,Microsoft Studios,The Coalition,1/12/2020,2017,Reveal,2015,1683732,10193,498,2333,0.01,0,0,13.09,Demo,2016,1615118,7263,849,1867,0,0,0,6.92,-0.040751141,Gameplay,2016,463755,5615,417,924,0.01,0,0,9.94,-0.712866181,9.98,Complete,85,3.91,4,479,681
Gears 5,Old IP,Shooter,Microsoft Studios,The Coalition,1/12/2020,2020,Reveal,2018,2467768,42911,2581,6906,0.02,0,0,109.25,Trailer,2019,544362,10522,3611,2040,0.02,0.01,0,19.13,-0.779411193,Trailer,2019,838003,11217,1210,1515,0.01,0,0,17,0.539422296,48.46,Incomplete,83,3.93,4,481,682
God of War,Old IP,Action-Adventure,Sony Interactive Entertainment,Sony Santa Monica,14/11/2018,2018,Reveal,2016,21612033,394330,11998,49417,0.02,0,0,860.5,Trailer,2017,22593855,224567,14114,11198,0.01,0,0,100.81,0.045429414,Trailer,2018,8839695,147331,2511,12368,0.02,0,0,200.87,-0.608756673,387.39,Complete,94,4.6,5,2904,629
GreedFall,New IP,Role-Playing,Focus Home Interactive,Spiders,10/9/2019,2019,Reveal,2018,819816,1702,116,157,0,0,0,0.29,Trailer,2019,3704758,24772,1630,2653,0.01,0,0,15.99,3.519011583,Gameplay,2019,2685952,8822,453,1202,0,0,0,3.64,-0.274999339,6.64,Complete,74,3.48,4,162,186
Halo Infinite,Old IP,Shooter,Microsoft Studios,343 Industries,1/12/2020,2021,Reveal,2018,7515186,147271,4612,28177,0.02,0,0,526.23,Trailer,2019,5677128,190034,3660,23401,0.03,0,0,760.69,-0.244579176,Demo,2020,8438220,212111,37987,64563,0.03,0,0.01,1186.94,0.486353663,824.62,Complete,75,3.83,4,560,514
Horizon Zero Dawn,New IP,Action,Sony Interactive Entertainment,Guerrilla Games,28/2/2017,2017,Reveal,2015,6848963,88347,2210,9872,0.01,0,0,122.56,Trailer,2016,8474086,59016,15537,10014,0.01,0,0,42.2,0.237280155,Demo,2016,8709768,69135,2288,6838,0.01,0,0,51.58,0.027812085,72.12,Incomplete,89,4.35,5,2440,634
Kingdom Hearts III,Old IP,Role-Playing,Square Enix,Square Enix,29/1/2019,2019,Reveal,2015,8510037,113850,2714,21462,0.01,0,0,276.86,Trailer,2018,3261019,61432,909,11968,0.02,0,0,220.45,-0.616803194,Trailer,2019,1320533,32473,1220,5862,0.02,0,0,136.03,-0.595055104,211.11,Complete,82,3.84,4,384,524
League of Legends,New IP,Strategy,Riot Games,Riot Games,27/10/2009,2017,Teaser,2019,2603119,56067,2218,9930,0.02,0,0,201.18,Trailer,2019,1575100,33675,1263,4272,0.02,0,0,86.2,-0.394918173,Trailer,2019,2277054,51580,3069,9257,0.02,0,0,190.98,0.445656784,159.45,Complete,78,3.64,4,324,511
Luigi's Mansion 3,Old IP,Action-Adventure,Nintendo,"Next Level Games, Inc.",31/10/2019,2019,Reveal,2019,3602878,48173,2225,4565,0.01,0,0,56.81,Gameplay,2019,838596,11871,218,1778,0.01,0,0,24.48,-0.767242743,Trailer,2019,761457,16281,293,1606,0.02,0,0,33.41,-0.091985891,38.23,Complete,86,4.29,4,191,575
Marvel・・s Avengers,New IP,Action,Square Enix,Crystal Dynamics,1/12/2020,2020,Teaser,2017,13581575,192454,5121,12193,0.01,0,0,165.88,Reveal,2019,19486359,430396,41869,38679,0.02,0,0,729.64,0.434764304,Demo,2019,4158829,75925,8473,14855,0.02,0,0,225.8,-0.786577421,373.78,Complete,67,2.56,1,98,590
Minecraft: Dungeons,Old IP,Platform,Microsoft Studios,Mojang,31/10/2019,2019,Reveal,2018,1822081,50178,1687,8131,0.03,0,0,212.63,Gameplay,2019,5378012,196924,6860,23892,0.04,0,0,829.13,1.951576796,Launch,2020,3535698,99000,2100,11185,0.03,0,0,303.22,-0.34256413,448.32,Complete,74,3.46,4,75,418
Marvel Ultimate Alliance 3: The Black Order,Old IP,Action,Nintendo,Team Ninja,19/7/2019,2019,Reveal,2018,1235790,23111,3345,5805,0.02,0,0,84.99,Trailer,2019,543791,5003,857,592,0.01,0,0,4.05,-0.559964881,Demo,2019,628828,7498,335,1874,0.01,0,0,20.85,0.156378094,36.63,Incomplete,73,3.46,4,40,166
Ghost of Tsushima,New IP,Action-Adventure,Sony Interactive Entertainment,Sucker Punch,14/11/2018,2020,Reveal,2017,2801618,56879,654,4540,0.02,0,0,90.58,Demo,2019,17264295,196924,6800,17200,0.01,0,0,186.03,5.162258738,Trailer,2019,3460776,126113,1565,8576,0.04,0,0,306.7,-0.799541423,194.44,Complete,83,4.47,5,263,485
inFAMOUS Second Son,Old IP,Action-Adventure,Sony Interactive Entertainment,Sucker Punch,14/11/2018,2017,Teaser,2013,3141698,22598,367,8016,0.01,0,0,56.25,Gameplay,2013,7669831,63787,1100,9772,0.01,0,0,79.17,1.441301169,Trailer,2013,3999842,18000,210,2284,0,0,0,10.1,-0.478496723,48.51,Complete,80,3.91,4,1182,660
Marvel's Spider-Man,Transmedia,Action-Adventure,Sony Interactive Entertainment,Insomniac Games,14/11/2018,2018,Reveal,2016,27213609,172334,11546,20826,0.01,0,0,118.63,Demo,2017,68645687,364251,35867,31633,0.01,0,0,143.06,1.52247642,Trailer,2018,7736796,71587,3655,7496,0.01,0,0,64.05,-0.887293779,108.58,Incomplete,87,4.46,5,2325,587
ONINAKI,New IP,Action-Adventure,Square Enix,Tokyo RPG Factory,22/8/2019,2019,Reveal,2019,352227,7448,136,400,0.02,0,0,8.23,Trailer,2019,171894,2777,144,152,0.02,0,0,2.26,-0.51197949,Trailer,2019,123921,3132,31,168,0.03,0,0,4.18,-0.279084785,4.89,Complete,70,2.47,1,15,242
Outer WIlds,New IP,Adventure,Annapurna Interactive,Mobius Digital,15/10/2019,2019,Reveal,2019,615215,1875,249,199,0,0,0,0.49,Gameplay,2019,109227,1999,64,98,0.02,0,0,1.71,-0.82245719,Launch,2019,333573,2712,408,374,0.01,0,0,2.35,2.053942706,1.52,Complete,84,4.3,5,259,298
Ori and the Will of the Wisps,Old IP,Platform,Microsoft Studios,Moon Studios,11/3/2020,2020,Reveal,2018,1564047,38673,270,3092,0.02,0,0,75.65,Gameplay,2019,1287627,32026,203,1488,0.02,0,0,36.66,-0.176733819,Gameplay,2019,178032,5788,44,305,0.03,0,0,9.8,-0.861736357,40.7,Complete,91,4.44,5,411,465
Persona 5,Old IP,Role-Playing,Atlus,Atlus,4/4/2017,2017,Reveal,2016,1108264,19756,204,2169,0.02,0,0,38.07,Trailer,2017,1167485,50530,684,5144,0.04,0,0,218.12,0.053435824,Trailer,2017,672276,21472,153,2755,0.03,0,0,87.05,-0.424167334,114.41,Complete,93,4.38,5,1013,501
"Pokﾃｩmon Sword, Shield",Old IP,Role-Playing,Nintendo,Pokemon Company,11/7/1905,2020,Reveal,2019,4321072,125763,8334,25983,0.03,0,0.01,681.05,Trailer,2019,6086717,130268,12111,25590,0.02,0,0,471.3,0.408612724,Trailer,2019,4764816,129939,3281,14180,0.03,0,0,372.05,-0.217177996,508.14,Incomplete,80,3.74,4,280,444
Planet Zoo,New IP,Simulation,Frontier Developments,Frontier Developments,5/11/2019,2019,Reveal,2019,968134,24329,472,1941,0.03,0,0,47.36,Trailer,2019,189372,5917,44,727,0.03,0,0,22.46,-0.804394846,Trailer,2019,122333,1454,16,134,0.01,0,0,1.57,-0.354006928,23.8,Incomplete,75,3.83,4,560,514
Rage 2,Old IP,Shooter,Bethesda Softworks,id Software,14/5/2019,2019,Reveal,2018,1387141,28000,6300,8162,0.02,0,0.01,109.15,Gameplay,2018,1313418,27000,1400,5421,0.02,0,0,102.77,-0.053147445,Gameplay,2018,862899,9847,504,1310,0.01,0,0,13.8,-0.343012659,75.24,Incomplete,71,3.21,3,432,557
Resident Evil 2,Old IP,Action,Capcom,Capcom,21/1/1998,2019,Reveal,2018,2705697,55174,1028,5022,0.02,0,0,99.55,Trailer,2018,2478138,35874,1217,5115,0.01,0,0,70.28,-0.084103652,Trailer,2018,1675326,41547,434,3813,0.02,0,0,93.08,-0.323957746,87.63,Complete,91,4.47,5,1177,560
Roller Champions,New IP,Sports,Ubisoft,Ubisoft,1/12/2020,2020,Reveal,2019,149904,2182,90,284,0.01,0,0,3.88,Gameplay,2019,203082,2160,153,381,0.01,0,0,3.62,0.354747038,Gameplay,2020,72732,1300,90,187,0.02,0,0,3,-0.641858954,3.5,Complete,75,3.83,4,560,514
Rainbow Six Quarantine,Old IP,Shooter,Ubisoft,Ubisoft,1/12/2021,2021,Teaser,2019,2490820,71001,1986,6553,0.03,0,0,178.96,Gameplay,2019,1192057,23783,1844,3137,0.02,0,0,55.31,-0.521419854,Gameplay,2020,26000,681,115,178,0.03,0,0.01,3.48,-0.978188962,79.25,Complete,75,3.83,4,560,514
Starlink: Battle for Atlas,New IP,Role-Playing,Ubisoft,Ubisoft,14/11/2018,2018,Reveal,2017,34072,394,93,70,0.01,0,0,0.52,Trailer,2018,411027,2250,53,404,0.01,0,0,2.13,11.06348321,Gameplay,2018,290515,1464,182,306,0.01,0,0,1.25,-0.293197284,1.3,Complete,74,3.72,4,30,368
Skull & Bones,New IP,Action-Adventure,Ubisoft,Ubisoft Singapore,1/12/2020,2020,Reveal,2018,2987843,31763,1279,4435,0.01,0,0,44.3,Gameplay,2018,1366733,10555,1249,2480,0.01,0,0,15.75,-0.542568669,Demo,2018,1617348,12747,2812,2568,0.01,0,0,13.54,0.183367929,24.53,Complete,75,3.83,4,560,514
Super Mario Maker 2,Old IP,Platform,Nintendo,Nintendo,28/6/2019,2019,Reveal,2019,5119179,120486,1987,30831,0.02,0,0.01,707.69,Demo,2019,1067685,15736,355,2504,0.01,0,0,35.66,-0.79143433,Demo,2019,6047555,96922,3133,19135,0.02,0,0,291.8,4.664175295,345.05,Complete,88,4.29,4,211,286
Super Smash Bros. Ultimate,Old IP,Fighting,Nintendo,Nintendo,28/6/2019,2019,Trailer,2018,4699636,72349,1642,0,0.02,0,0,0,Trailer,2019,4127981,100238,5341,44676,0.02,0,0.01,998.14,-0.121638144,Trailer,2019,2933489,59345,1044,11622,0.02,0,0,228.91,-0.289364704,409.02,Incomplete,93,4.37,5,780,470
Shadow of the Tomb Raider,Old IP,Action-Adventure,Square Enix,Eidos Montreal,14/9/2018,2018,Reveal,2018,3904354,61775,1536,5793,0.02,0,0,88.24,Gameplay,2018,1130345,21792,447,1905,0.02,0,0,35.6,-0.710491159,Demo,2018,410056,6335,356,1291,0.02,0,0,18.26,-0.637229341,47.37,Incomplete,78,3.84,4,897,682
Star Wars Jedi: Fallen Order,Transmedia,Action-Adventure,Electronic Arts,Respawn Entertainment,15/11/2019,2019,Reveal,2019,16191711,325232,17888,38853,0.02,0,0,716.03,Demo,2019,10311329,177310,21972,35220,0.02,0,0,493.06,-0.363172366,Trailer,2019,2681400,70853,3105,7036,0.03,0,0,173.7,-0.739955926,460.93,Incomplete,80,4.14,4,886,572
Tom Clancy・・s The Division,New IP,Shooter,Ubisoft,Ubisoft,4/10/2019,2019,Reveal Demo,2013,14475319,118134,4416,24078,0.01,0,0,185.48,Trailer,2014,5366257,64111,930,7000,0.01,0,0,81.81,-0.629282298,Launch,2015,2672167,11252,1201,1435,0,0,0,5.08,-0.502042671,90.79,Complete,80,3.72,4,954,684
The Elder Scrolls Online,Old IP,MMO,Bethesda Softworks,ZeniMax Online Studios,4/4/2014,2017,Reveal,2019,12253788,33159,1346,2217,0,0,0,5.63,Trailer,2019,426601,9942,430,1408,0.02,0,0,30.68,-0.965186194,Gameplay,2019,371270,2844,197,589,0.01,0,0,4.04,-0.129701993,13.45,Complete,71,3.73,4,56,645
The Legend of Zelda: Breath of the Wild,Old IP,Action-Adventure,Nintendo,Nintendo,1/12/2020,2020,Teaser,2015,6311918,49462,1348,13204,0.01,0,0,99.24,Trailer,2016,17606502,266707,5986,52475,0.02,0,0,768.14,1.789406009,Trailer,2017,23781080,380064,6459,56319,0.02,0,0,877.13,0.350698736,581.5,Complete,97,4.56,5,1911,338
The Outer Worlds,New IP,Role-Playing,Private Division,Obsidian Entertainment,25/10/2019,2019,Reveal,2018,9897914,210239,6191,32037,0.02,0,0,650.43,Gameplay,2019,2814806,32877,2134,4220,0.01,0,0,44.49,-0.71561624,Demo,2018,1595062,27888,2530,7171,0.02,0,0,108.32,-0.433331462,267.75,Complete,80,3.95,4,747,449
Vampire: The Masquerade - Bloodlines 2,Old IP,Action,Paradox Interactive,Hardsuit Labs,13/7/1905,2021,Reveal,2019,1524444,42973,854,5181,0.03,0,0,141.7,Demo,2019,864839,9200,2200,2548,0.01,0,0,17.38,-0.432685622,Demo,2019,918770,9032,2993,1887,0.01,0,0,9.33,0.062359584,56.14,Complete,75,3.83,4,560,514
The Legend of Zelda: Link's Awakening (2019),Old IP,Action-Adventure,Nintendo,Nintendo,1/12/2020,2018,Reveal,2018,5277950,136971,5370,20902,0.03,0,0,510.54,Trailer,2018,1175349,24061,433,1880,0.02,0,0,37.45,-0.777309561,Demo,2018,1193615,15347,367,2088,0.01,0,0,25.88,0.015540916,191.29,Complete,87,4.37,5,290,453
"""Command and Conquer: Rivals ",Old IP,Strategy,Electronic Arts,Electronic Arts,25/10/2019,2018,Reveal,2018,1087277,3963,69105,727,0,0.06,0,-66.66,Gameplay,2018,323464,554,14372,14372,0,0.04,0.04,-933.24,-0.702500835,Launch,2019,107821,185,4791,4791,0,0.04,0.04,-311.08,-0.666667697,-436.99,Complete,75,3.83,4,560,514
Just Cause 4,Old IP,Action-Adventure,Square Enix,Avalanche Studios,43438,2018,Reveal,2018,3450714,72486,1682,8143,0.02,0,0,165.1,Demo,2018,247192,4221,336,1159,0.02,0,0,17.43,-0.92836497,Launch,2018,169144,3400,99,304,0.02,0,0,5.84,-0.315738373,62.79,Complete,68,3.03,3,252,585
